course_id,course_name,city,state,country,latitude,longitude,osm_status,greens,fairways,tees,bunkers,water,hole_routes,pins,course_boundaries,overpass_mirror,osm_named_features,matched_search_terms,notes
6826,Birdsfoot Golf Club,Freeport,PA,United States,40.7458,-79.66175,usable_osm_geometry,20,19,71,114,5,18,0,1,overpass-api.de,Birdsfoot,Birdsfoot Golf Club,Enough OSM golf geometry for map rendering; still validate per-hole order in-app.
22515,Bob O'Connor Golf Course,Pittsburgh,PA,United States,40.437717,-79.93856,usable_osm_geometry,20,18,19,0,5,18,0,1,overpass-api.de,Belle View; Bob O'Connor Golf Course; Fairfield; Fort Pitt; Greenheath; Home; Long Acre; Lowlands; Mary Schenley Memorial Fountain; Midlothian; Midway; Panther Hollow Lake,Bob O'Connor Golf Course,Enough OSM golf geometry for map rendering; still validate per-hole order in-app.
22208,Chartiers Country Club,Pittsburgh,PA,United States,40.43491,-80.09295,usable_osm_geometry,20,16,53,124,6,18,0,1,overpass-api.de,Chartiers Country Club,Chartiers Country Club,Enough OSM golf geometry for map rendering; still validate per-hole order in-app.
22180,Cranberry Highlands Golf Course,Cranberry Twp,PA,United States,40.729397,-80.1394,usable_osm_geometry,19,16,80,187,12,18,0,2,overpass-api.de,Cranberry Highlands Golf Course,Cranberry Highlands Golf Course,Enough OSM golf geometry for map rendering; still validate per-hole order in-app.
22362,Fox Chapel Golf Club,Pittsburgh,PA,United States,40.52249,-79.87746,usable_osm_geometry,27,44,53,324,11,18,0,2,overpass-api.de,Fox Chapel Golf Club; Glade Lake; Pittsburgh Field Club,Fox Chapel Golf Club,Enough OSM golf geometry for map rendering; still validate per-hole order in-app.
6888,Grand View Golf Club,Braddock,PA,United States,40.403313,-79.85591,usable_osm_geometry,19,17,35,42,10,18,0,1,overpass-api.de,Grand View Golf Club,Grand View Golf Club,Enough OSM golf geometry for map rendering; still validate per-hole order in-app.
15681,Lindenwood Golf Club,Mcmurray,PA,United States,40.24739,-80.13309,usable_osm_geometry,27,48,99,76,23,27,0,1,overpass-api.de,Boone Reservoir; Canonsburg Lake; Glencannon Pond; Lindenwood Golf Club; Peters Lake,Lindenwood Golf Club,Enough OSM golf geometry for map rendering; still validate per-hole order in-app.
15688,Lindenwood Golf Club,Mcmurray,PA,United States,40.24739,-80.13309,usable_osm_geometry,27,48,99,76,23,27,0,1,openstreetmap.fr,Boone Reservoir; Canonsburg Lake; Glencannon Pond; Lindenwood Golf Club; Peters Lake,Lindenwood Golf Club,Enough OSM golf geometry for map rendering; still validate per-hole order in-app.
15775,Lindenwood Golf Club,Mcmurray,PA,United States,40.24739,-80.13309,usable_osm_geometry,27,48,99,76,23,27,0,1,overpass-api.de,Boone Reservoir; Canonsburg Lake; Glencannon Pond; Lindenwood Golf Club; Peters Lake,Lindenwood Golf Club,Enough OSM golf geometry for map rendering; still validate per-hole order in-app.
22441,Montour Heights Country Club,Coraopolis,PA,United States,40.50327,-80.19593,usable_osm_geometry,19,18,78,108,12,18,0,1,openstreetmap.fr,Montour Heights Country Club,Montour Heights Country Club,Enough OSM golf geometry for map rendering; still validate per-hole order in-app.
8074,Moon Golf Club,Moon,PA,United States,40.482037,-80.1889,usable_osm_geometry,40,20,46,22,25,40,0,3,overpass-api.de,Montour Heights Country Club; Moon Golf Club; Scally's Par-3 and Mini Golf,Moon Golf Club,Enough OSM golf geometry for map rendering; still validate per-hole order in-app.
6684,Mt Lebanon Municipal Golf Course,Mt. Lebanon,PA,United States,40.371437,-80.02471,partial_osm_geometry,0,0,0,6,12,9,0,1,overpass-api.de,Mount Lebanon Golf Course,Mt Lebanon Golf Course | Mt. Lebanon,OSM has some golf data but likely not enough for a professional 18Birdies-style round.
6852,North Park Golf Course,Allison Park,PA,United States,40.61084,-80.01742,usable_osm_geometry,20,19,50,84,5,18,0,1,overpass-api.de,Marshall Lake; North Park Golf Course; North Park Lake,North Park Golf Course,Enough OSM golf geometry for map rendering; still validate per-hole order in-app.
22178,Oakmont Country Club,Oakmont,PA,United States,40.525894,-79.82688,usable_osm_geometry,22,27,60,368,22,18,0,1,overpass-api.de,Church Pews; Lock No. 3; Oakmont Country Club; Range,Oakmont Country Club,Enough OSM golf geometry for map rendering; still validate per-hole order in-app.
22279,Olde Stonewall Golf Club,Ellwood City,PA,United States,40.831326,-80.272545,usable_osm_geometry,38,44,132,241,19,18,0,1,overpass-api.de,Feudal; Medieval; Rustic; Stonewall,Olde Stonewall Golf Club,Enough OSM golf geometry for map rendering; still validate per-hole order in-app.
22423,Pittsburgh Field Club,Pittsburgh,PA,United States,40.51306,-79.88986,usable_osm_geometry,20,38,31,285,13,13,0,2,overpass-api.de,Fox Chapel Golf Club; Glade Lake; Pittsburgh Field Club,Pittsburgh | Pittsburgh Field Club,Enough OSM golf geometry for map rendering; still validate per-hole order in-app.
22262,Pittsburgh National Golf Club,Gibsonia,PA,United States,40.65061,-79.87975,usable_osm_geometry,20,25,69,134,10,18,0,1,overpass-api.de,Pittsburgh National Golf Course,Pittsburgh | Pittsburgh National Golf Club,Enough OSM golf geometry for map rendering; still validate per-hole order in-app.
13245,Pittsburgh North Golf Club,Bakerstown,PA,United States,40.65844,-79.95389,partial_osm_geometry,0,0,0,0,12,0,0,2,overpass-api.de,Pittsburgh North Golf Course; Pittsburgh North Golf Range & School,Pittsburgh,OSM has some golf data but likely not enough for a professional 18Birdies-style round.
6836,Pittsburgh North Golf Club,Bakerstown,PA,United States,40.65844,-79.95389,partial_osm_geometry,0,0,0,0,12,0,0,2,overpass-api.de,Pittsburgh North Golf Course; Pittsburgh North Golf Range & School,Pittsburgh,OSM has some golf data but likely not enough for a professional 18Birdies-style round.
6705,Quicksilver Golf Club,Midway,PA,United States,40.391308,-80.289795,partial_osm_geometry,1,1,3,10,29,18,0,1,overpass-api.de,Quicksilver Golf Club,Quicksilver Golf Club,OSM has some golf data but likely not enough for a professional 18Birdies-style round.
22436,Sewickley Heights Golf Club,Sewickley,PA,United States,40.582386,-80.1702,partial_osm_geometry,1,1,2,7,9,0,0,2,overpass-api.de,Allegheny Country Club,Sewickley Heights Golf Club,OSM has some golf data but likely not enough for a professional 18Birdies-style round.
7293,Shannopin Country Club,Pittsburgh,PA,United States,40.51465,-80.069084,partial_osm_geometry,5,6,20,46,4,18,0,1,openstreetmap.fr,Emsworth Pool; Shannopin Country Club,Shannopin Country Club,OSM has some golf data but likely not enough for a professional 18Birdies-style round.
6873,South Park 18 Hole  Golf Course,Pittsburgh,PA,United States,40.326626,-80.00069,partial_osm_geometry,0,0,0,0,9,27,0,1,overpass-api.de,18 Hole Course - 1; 18 Hole Course - 10; 18 Hole Course - 11; 18 Hole Course - 12; 18 Hole Course - 13; 18 Hole Course - 14; 18 Hole Course - 15; 18 Hole Course - 16; 18 Hole Course - 17; 18 Hole Course - 18; 18 Hole Course - 2; 18 Hole Course - 3,South Park Golf Course,OSM has some golf data but likely not enough for a professional 18Birdies-style round.
6714,South Park 9 Hole Golf Course,Pittsburgh,PA,United States,40.326626,-80.00069,partial_osm_geometry,0,0,0,0,9,27,0,1,overpass-api.de,18 Hole Course - 1; 18 Hole Course - 10; 18 Hole Course - 11; 18 Hole Course - 12; 18 Hole Course - 13; 18 Hole Course - 14; 18 Hole Course - 15; 18 Hole Course - 16; 18 Hole Course - 17; 18 Hole Course - 18; 18 Hole Course - 2; 18 Hole Course - 3,South Park Golf Course,OSM has some golf data but likely not enough for a professional 18Birdies-style round.
22176,St. Clair Country Club,Pittsburgh,PA,United States,40.33129,-80.07799,usable_osm_geometry,34,33,84,254,18,31,0,2,overpass-api.de,St. Clair Country Club; Three-Hole Golf Course,St Clair Country Club,Enough OSM golf geometry for map rendering; still validate per-hole order in-app.
22221,St. Clair Country Club,Pittsburgh,PA,United States,40.33129,-80.07799,usable_osm_geometry,34,33,84,254,18,31,0,2,overpass-api.de,St. Clair Country Club; Three-Hole Golf Course,St Clair Country Club,Enough OSM golf geometry for map rendering; still validate per-hole order in-app.
22494,Totteridge Golf Course,Greensburg,PA,United States,40.357838,-79.506584,usable_osm_geometry,21,22,80,42,2,18,0,1,overpass-api.de,Totteridge Golf Course,Totteridge Golf Course,Enough OSM golf geometry for map rendering; still validate per-hole order in-app.
22177,Valley Brook Country Club,Mcmurray,PA,United States,40.29985,-80.13284,usable_osm_geometry,30,32,2,4,20,20,0,2,overpass-api.de,Frosty Valley Golf Links; Koi Pond; Valley Brook Country Club; gold 1; gold 2; gold 3; gold 4; gold 5; gold 6; gold 7; gold 8; gold 9,Valley Brook Country Club,Enough OSM golf geometry for map rendering; still validate per-hole order in-app.
22209,Valley Brook Country Club,Mcmurray,PA,United States,40.29985,-80.13284,usable_osm_geometry,30,32,2,4,20,20,0,2,openstreetmap.fr,Frosty Valley Golf Links; Koi Pond; Valley Brook Country Club; gold 1; gold 2; gold 3; gold 4; gold 5; gold 6; gold 7; gold 8; gold 9,Valley Brook Country Club,Enough OSM golf geometry for map rendering; still validate per-hole order in-app.
22219,Valley Brook Country Club,Mcmurray,PA,United States,40.29985,-80.13284,usable_osm_geometry,30,32,2,4,20,20,0,2,overpass-api.de,Frosty Valley Golf Links; Koi Pond; Valley Brook Country Club; gold 1; gold 2; gold 3; gold 4; gold 5; gold 6; gold 7; gold 8; gold 9,Valley Brook Country Club,Enough OSM golf geometry for map rendering; still validate per-hole order in-app.
